Artifact_Name,Artifact_Type,Repo_Path,Owner,Version,Effective_Date,Review_Cycle,Last_Reviewed,Next_Review,Linked_Standards
SydTek Scholars Canon,Canon,00-canon-governance/canon/SydTek-Scholars-Canon_v1.0.md,Head of School,v1.0,2026-01-28,Annual,2026-01-28,2027-01-28,
Governance Overview,Governance,GOVERNANCE.md,Board Secretary,v1.0,2026-01-28,Annual,2026-01-28,2027-01-28,
Conflict of Interest Policy,Policy,00-canon-governance/board/conflict-of-interest-policy_TEMPLATE.md,Board Secretary,v1.0,2026-01-28,Annual,2026-01-28,2027-01-28,
Board Minutes Template,Template,00-canon-governance/board/meeting-minutes/2026-01-22_Board-Minutes_TEMPLATE.md,Board Secretary,v1.0,2026-01-28,Annual,2026-01-28,2027-01-28,
Safeguarding Policy,Policy/Template,01-policies-pack/safeguarding/safeguarding-policy_TEMPLATE.md,Safeguarding Lead,v1.0,2026-01-28,Annual,2026-01-28,2027-01-28,
Mandatory Reporting Protocol,Policy/Template,01-policies-pack/safeguarding/mandatory-reporting-protocol_TEMPLATE.md,Safeguarding Lead,v1.0,2026-01-28,Annual,2026-01-28,2027-01-28,
Incident Report Form,Policy/Template,01-policies-pack/safeguarding/incident-report-form_TEMPLATE.md,Safeguarding Lead,v1.0,2026-01-28,Annual,2026-01-28,2027-01-28,
Training Log,Policy/Template,01-policies-pack/safeguarding/training-log_TEMPLATE.md,Safeguarding Lead,v1.0,2026-01-28,Annual,2026-01-28,2027-01-28,
Privacy Policy,Policy/Template,01-policies-pack/privacy-records/privacy-policy_TEMPLATE.md,Ops/Compliance Lead,v1.0,2026-01-28,Annual,2026-01-28,2027-01-28,
Records Retention Policy,Policy/Template,01-policies-pack/privacy-records/records-retention-policy_TEMPLATE.md,Ops/Compliance Lead,v1.0,2026-01-28,Annual,2026-01-28,2027-01-28,
Academic Integrity Policy,Policy/Template,01-policies-pack/academics-integrity/academic-integrity-policy_TEMPLATE.md,Academic Director,v1.0,2026-01-28,Annual,2026-01-28,2027-01-28,
Ai Integrity Policy,Policy/Template,01-policies-pack/academics-integrity/ai-integrity-policy_TEMPLATE.md,Academic Director,v1.0,2026-01-28,Annual,2026-01-28,2027-01-28,
Plagiarism Policy,Policy/Template,01-policies-pack/academics-integrity/plagiarism-policy_TEMPLATE.md,Academic Director,v1.0,2026-01-28,Annual,2026-01-28,2027-01-28,
Student Aup,Policy/Template,01-policies-pack/tech-acceptable-use/student-aup_TEMPLATE.md,Ops/Compliance Lead,v1.0,2026-01-28,Annual,2026-01-28,2027-01-28,
Parent Aup,Policy/Template,01-policies-pack/tech-acceptable-use/parent-aup_TEMPLATE.md,Ops/Compliance Lead,v1.0,2026-01-28,Annual,2026-01-28,2027-01-28,
Staff Aup,Policy/Template,01-policies-pack/tech-acceptable-use/staff-aup_TEMPLATE.md,Ops/Compliance Lead,v1.0,2026-01-28,Annual,2026-01-28,2027-01-28,
Admissions Policy,Policy/Template,01-policies-pack/admissions-tuition/admissions-policy_TEMPLATE.md,Head of School,v1.0,2026-01-28,Annual,2026-01-28,2027-01-28,
Tuition Refund Policy,Policy/Template,01-policies-pack/admissions-tuition/tuition-refund-policy_TEMPLATE.md,Head of School,v1.0,2026-01-28,Annual,2026-01-28,2027-01-28,
Scholarship Policy,Policy/Template,01-policies-pack/admissions-tuition/scholarship-policy_TEMPLATE.md,Head of School,v1.0,2026-01-28,Annual,2026-01-28,2027-01-28,
Complaints Appeals Policy,Policy/Template,01-policies-pack/admissions-tuition/complaints-appeals-policy_TEMPLATE.md,Head of School,v1.0,2026-01-28,Annual,2026-01-28,2027-01-28,
Safety Plan,Policy/Template,01-policies-pack/safety-operations/safety-plan_TEMPLATE.md,Ops/Compliance Lead,v1.0,2026-01-28,Annual,2026-01-28,2027-01-28,
Emergency Procedures,Policy/Template,01-policies-pack/safety-operations/emergency-procedures_TEMPLATE.md,Ops/Compliance Lead,v1.0,2026-01-28,Annual,2026-01-28,2027-01-28,
Background Check Policy,Policy/Template,01-policies-pack/safety-operations/background-check-policy_TEMPLATE.md,Ops/Compliance Lead,v1.0,2026-01-28,Annual,2026-01-28,2027-01-28,
Visitor Policy,Policy/Template,01-policies-pack/safety-operations/visitor-policy_TEMPLATE.md,Ops/Compliance Lead,v1.0,2026-01-28,Annual,2026-01-28,2027-01-28,
Student Handbook Template,Handbook,02-handbooks/student-handbook/SydTek-Student-Handbook_v1.0_TEMPLATE.md,Head of School,v1.0,2026-01-28,Annual,2026-01-28,2027-01-28,
Family Handbook Template,Handbook,02-handbooks/parent-family-handbook/SydTek-Family-Handbook_v1.0_TEMPLATE.md,Head of School,v1.0,2026-01-28,Annual,2026-01-28,2027-01-28,
Faculty Handbook Template,Handbook,02-handbooks/faculty-handbook/SydTek-Faculty-Handbook_v1.0_TEMPLATE.md,Academic Director,v1.0,2026-01-28,Annual,2026-01-28,2027-01-28,
Scope & Sequence K–2,Curriculum,03-curriculum-scope-sequence/covenant-pathway/scope-sequence/K-2.md,Academic Director,v1.0,2026-01-28,Annual,2026-01-28,2027-01-28,
Scope & Sequence 3–5,Curriculum,03-curriculum-scope-sequence/covenant-pathway/scope-sequence/3-5.md,Academic Director,v1.0,2026-01-28,Annual,2026-01-28,2027-01-28,
Scope & Sequence 6–8,Curriculum,03-curriculum-scope-sequence/covenant-pathway/scope-sequence/6-8.md,Academic Director,v1.0,2026-01-28,Annual,2026-01-28,2027-01-28,
Scope & Sequence 9–12,Curriculum,03-curriculum-scope-sequence/covenant-pathway/scope-sequence/9-12.md,Academic Director,v1.0,2026-01-28,Annual,2026-01-28,2027-01-28,
Hebrew Standards K–12,Curriculum,03-curriculum-scope-sequence/covenant-pathway/hebrew-thread/hebrew-standards-k12.md,Academic Director,v1.0,2026-01-28,Annual,2026-01-28,2027-01-28,
Hebrew Proficiency Rubrics,Rubric,03-curriculum-scope-sequence/covenant-pathway/hebrew-thread/proficiency-rubrics.md,Academic Director,v1.0,2026-01-28,Annual,2026-01-28,2027-01-28,
Graduate Outcomes,Standard,03-curriculum-scope-sequence/outcomes-map/graduate-outcomes.md,Academic Director,v1.0,2026-01-28,Annual,2026-01-28,2027-01-28,
Assessment Plan Template,Plan,04-assessment-outcomes/assessment-plan/assessment-plan_TEMPLATE.md,Academic Director,v1.0,2026-01-28,Annual,2026-01-28,2027-01-28,
Testing Calendar Template,Plan,04-assessment-outcomes/assessment-plan/testing-calendar_TEMPLATE.md,Academic Director,v1.0,2026-01-28,Annual,2026-01-28,2027-01-28,
Portfolio Rubrics Template,Rubric,04-assessment-outcomes/assessment-plan/portfolio-rubrics_TEMPLATE.md,Academic Director,v1.0,2026-01-28,Annual,2026-01-28,2027-01-28,
Outcomes Dashboard Template,Dashboard,04-assessment-outcomes/dashboards/outcomes-dashboard-template.csv,Academic Director,v1.0,2026-01-28,Quarterly,2026-01-28,TBD,
Annual Report Template,Report,04-assessment-outcomes/annual-reports/annual-report-template.md,Ops/Compliance Lead,v1.0,2026-01-28,Annual,2026-01-28,2027-01-28,
Academic Director Job Description,HR,05-hr-faculty/hiring/job-descriptions/academic-director_TEMPLATE.md,Head of School,v1.0,2026-01-28,Annual,2026-01-28,2027-01-28,
Safeguarding Lead Job Description,HR,05-hr-faculty/hiring/job-descriptions/safeguarding-lead_TEMPLATE.md,Head of School,v1.0,2026-01-28,Annual,2026-01-28,2027-01-28,
Teacher Evaluation Rubric,Rubric,05-hr-faculty/evaluation/teacher-evaluation-rubric_TEMPLATE.md,Academic Director,v1.0,2026-01-28,Annual,2026-01-28,2027-01-28,
Observation Form,Form,05-hr-faculty/evaluation/observation-form_TEMPLATE.md,Academic Director,v1.0,2026-01-28,Annual,2026-01-28,2027-01-28,
PD Plan Template,Plan,05-hr-faculty/evaluation/pd-plan_TEMPLATE.md,Academic Director,v1.0,2026-01-28,Annual,2026-01-28,2027-01-28,
Safeguarding Audit Template,Audit,07-safeguarding-safety/audits/safeguarding-audit-template.md,Safeguarding Lead,v1.0,2026-01-28,Quarterly,2026-01-28,TBD,
Safety Plan Template,Plan,01-policies-pack/safety-operations/safety-plan_TEMPLATE.md,Safeguarding Lead,v1.0,2026-01-28,Annual,2026-01-28,2027-01-28,
Emergency Procedures Template,Plan,01-policies-pack/safety-operations/emergency-procedures_TEMPLATE.md,Safeguarding Lead,v1.0,2026-01-28,Annual,2026-01-28,2027-01-28,
Operating Budget Template,Finance,08-finance-stewardship/budgets/operating-budget-template.csv,Finance Steward,v1.0,2026-01-28,Annual,2026-01-28,2027-01-28,
Monthly Finance Template,Finance,08-finance-stewardship/financial-reports/monthly-finance-template.md,Finance Steward,v1.0,2026-01-28,Monthly,2026-01-28,TBD,
Annual Financial Summary Template,Finance,08-finance-stewardship/financial-reports/annual-financial-summary-template.md,Finance Steward,v1.0,2026-01-28,Annual,2026-01-28,2027-01-28,
Fundraising Ethics Statement,Finance,08-finance-stewardship/fundraising-ethics/fundraising-ethics-statement.md,Finance Steward,v1.0,2026-01-28,Annual,2026-01-28,2027-01-28,
Accreditation Narrative (Copy/Paste),Accreditation,09-accreditation/self-study/self-study-narrative_COPYPASTE.md,Ops/Compliance Lead,v1.0,2026-01-28,Annual,2026-01-28,2027-01-28,
Standards Crosswalk Template,Accreditation,09-accreditation/self-study/Standards-Crosswalk_TEMPLATE.csv,Ops/Compliance Lead,v1.0,2026-01-28,Quarterly,2026-01-28,TBD,
Evidence Index Master,Accreditation,09-accreditation/self-study/Evidence-Index_MASTER.csv,Ops/Compliance Lead,v1.0,2026-01-28,Monthly,2026-01-28,TBD,
